system:index,date,rainfall_mm,.geo
0,2024-08-15,17.810631180786032,"{""type"":""MultiPoint"",""coordinates"":[]}"
1,2024-08-16,3.589231933749983,"{""type"":""MultiPoint"",""coordinates"":[]}"
2,2024-08-17,0.0,"{""type"":""MultiPoint"",""coordinates"":[]}"
3,2024-08-18,27.905391759839883,"{""type"":""MultiPoint"",""coordinates"":[]}"
4,2024-08-19,14.77158677618658,"{""type"":""MultiPoint"",""coordinates"":[]}"
5,2024-08-20,0.004453924815122788,"{""type"":""MultiPoint"",""coordinates"":[]}"
6,2024-08-21,1.1164846406048066,"{""type"":""MultiPoint"",""coordinates"":[]}"
7,2024-08-22,40.563991924194745,"{""type"":""MultiPoint"",""coordinates"":[]}"
8,2024-08-23,0.8953583519206519,"{""type"":""MultiPoint"",""coordinates"":[]}"
9,2024-08-24,1.4345733454203033,"{""type"":""MultiPoint"",""coordinates"":[]}"
10,2024-08-25,32.82607430402736,"{""type"":""MultiPoint"",""coordinates"":[]}"
11,2024-08-26,0.19303753600795925,"{""type"":""MultiPoint"",""coordinates"":[]}"
12,2024-08-27,8.579266059317279,"{""type"":""MultiPoint"",""coordinates"":[]}"
13,2024-08-28,0.6498805240000067,"{""type"":""MultiPoint"",""coordinates"":[]}"
14,2024-08-29,34.489521996559944,"{""type"":""MultiPoint"",""coordinates"":[]}"
15,2024-08-30,0.4971331133675656,"{""type"":""MultiPoint"",""coordinates"":[]}"
16,2024-08-31,3.580597220630776,"{""type"":""MultiPoint"",""coordinates"":[]}"
17,2024-09-01,4.915034133012791,"{""type"":""MultiPoint"",""coordinates"":[]}"
18,2024-09-02,25.83779764012672,"{""type"":""MultiPoint"",""coordinates"":[]}"
19,2024-09-03,10.934624086874743,"{""type"":""MultiPoint"",""coordinates"":[]}"
20,2024-09-04,0.1930716684145325,"{""type"":""MultiPoint"",""coordinates"":[]}"
21,2024-09-05,5.044795080663401,"{""type"":""MultiPoint"",""coordinates"":[]}"
22,2024-09-06,0.051843002193794924,"{""type"":""MultiPoint"",""coordinates"":[]}"
23,2024-09-07,0.10302047534454803,"{""type"":""MultiPoint"",""coordinates"":[]}"
24,2024-09-08,8.31837845825091,"{""type"":""MultiPoint"",""coordinates"":[]}"
25,2024-09-09,1.1460921358533278,"{""type"":""MultiPoint"",""coordinates"":[]}"
26,2024-09-10,0.10503412598788534,"{""type"":""MultiPoint"",""coordinates"":[]}"
27,2024-09-11,6.169112533839489,"{""type"":""MultiPoint"",""coordinates"":[]}"
28,2024-09-12,0.19259385069126558,"{""type"":""MultiPoint"",""coordinates"":[]}"
29,2024-09-13,3.1720647824095374,"{""type"":""MultiPoint"",""coordinates"":[]}"
30,2024-09-14,0.08090443667596517,"{""type"":""MultiPoint"",""coordinates"":[]}"
31,2024-09-15,41.51498266291699,"{""type"":""MultiPoint"",""coordinates"":[]}"
32,2024-09-16,22.641826077939708,"{""type"":""MultiPoint"",""coordinates"":[]}"
33,2024-09-17,1.9904607212991032,"{""type"":""MultiPoint"",""coordinates"":[]}"
34,2024-09-18,9.7148974210329,"{""type"":""MultiPoint"",""coordinates"":[]}"
35,2024-09-19,0.0745051162565324,"{""type"":""MultiPoint"",""coordinates"":[]}"
36,2024-09-20,10.21571667853476,"{""type"":""MultiPoint"",""coordinates"":[]}"
37,2024-09-21,0.5332081702382084,"{""type"":""MultiPoint"",""coordinates"":[]}"
38,2024-09-22,0.017901023258629915,"{""type"":""MultiPoint"",""coordinates"":[]}"
39,2024-09-23,21.81772954797582,"{""type"":""MultiPoint"",""coordinates"":[]}"
40,2024-09-24,0.6787883824964432,"{""type"":""MultiPoint"",""coordinates"":[]}"
41,2024-09-25,0.0,"{""type"":""MultiPoint"",""coordinates"":[]}"
42,2024-09-26,0.023174060692966184,"{""type"":""MultiPoint"",""coordinates"":[]}"
43,2024-09-27,0.04791808874368566,"{""type"":""MultiPoint"",""coordinates"":[]}"
44,2024-09-28,13.546808366482574,"{""type"":""MultiPoint"",""coordinates"":[]}"
45,2024-09-29,0.0,"{""type"":""MultiPoint"",""coordinates"":[]}"
