period_start,period_end,period_label,composite_days,distance_zone,zone_area_km2,mapped_flood_km2,mapped_flood_ha,mapped_flood_share_pct,share_of_period_flood_pct
2024-09-05,2024-09-09,5–9 Sep 2024,5,0–2 km,12.566055204577204,0.0,0.0,0.0,0.0
2024-09-05,2024-09-09,5–9 Sep 2024,5,2–5 km,65.97178982403022,2.887113129887052,288.71131298870523,4.376284374863847,99.99999999528455
2024-09-14,2024-09-18,14–18 Sep 2024,5,0–2 km,12.566055204577204,0.1371253746064002,13.71253746064002,1.0912364491002084,2.966343948857099
2024-09-14,2024-09-18,14–18 Sep 2024,5,2–5 km,65.97178982403022,4.485581127543019,448.5581127543019,6.799241220387726,97.03365604642659
2024-09-19,2024-09-23,19–23 Sep 2024,5,0–2 km,12.566055204577204,0.13183908492704596,13.183908492704596,1.049168436559338,3.0044563605901344
2024-09-19,2024-09-23,19–23 Sep 2024,5,2–5 km,65.97178982403022,4.256278734203141,425.6278734203141,6.451664788171006,96.99554363940989
2024-09-26,2024-09-30,26–30 Sep 2024,5,0–2 km,12.566055204577204,0.0,0.0,0.0,0.0
2024-09-26,2024-09-30,26–30 Sep 2024,5,2–5 km,65.97178982403022,1.3712847320970856,137.12847320970855,2.078592585944356,99.99999999999997
2024-10-27,2024-10-31,27–31 Oct 2024,5,0–2 km,12.566055204577204,0.0,0.0,0.0,
2024-10-27,2024-10-31,27–31 Oct 2024,5,2–5 km,65.97178982403022,0.0,0.0,0.0,
2024-11-09,2024-11-13,9–13 Nov 2024,5,0–2 km,12.566055204577204,0.0,0.0,0.0,0.0
2024-11-09,2024-11-13,9–13 Nov 2024,5,2–5 km,65.97178982403022,0.27426691385759194,27.426691385759195,0.415733625825762,100.0
