period_start,period_end,period_label,composite_days,radius_km,study_area_km2,mapped_flood_km2,mapped_flood_ha,mapped_flood_share_pct,cloud_obstructed_km2,field_validation_code,field_validation_status,source_sensor_date,source_layer
2024-09-05,2024-09-09,5–9 Sep 2024,5,2,12.566055204577204,0.0,0.0,0.0,0.0,0,Not yet field validated,2024-09-09T00:00:00.000,VIIRS_20240905_20240909_MaximumFloodExtent_NGA
2024-09-05,2024-09-09,5–9 Sep 2024,5,5,78.5378450286073,2.8871131300231925,288.71131300231923,3.676078875058981,0.0,0,Not yet field validated,2024-09-09T00:00:00.000,VIIRS_20240905_20240909_MaximumFloodExtent_NGA
2024-09-14,2024-09-18,14–18 Sep 2024,5,2,12.566055204577204,0.1371253746064002,13.71253746064002,1.0912364491002084,0.0,0,Not yet field validated,2024-09-18T00:00:00.000,VIIRS_20240914_20240918_MaximumFloodExtent_NGA
2024-09-14,2024-09-18,14–18 Sep 2024,5,5,78.5378450286073,4.62270650236744,462.270650236744,5.885960457259333,0.0,0,Not yet field validated,2024-09-18T00:00:00.000,VIIRS_20240914_20240918_MaximumFloodExtent_NGA
2024-09-19,2024-09-23,19–23 Sep 2024,5,2,12.566055204577204,0.13183908492704596,13.183908492704596,1.049168436559338,0.0,0,Not yet field validated,2024-09-23T00:00:00.000,VIIRS_20240919_20240923_MaximumFloodExtent_NGA
2024-09-19,2024-09-23,19–23 Sep 2024,5,5,78.5378450286073,4.388117819130186,438.8117819130186,5.587265371913147,0.0,0,Not yet field validated,2024-09-23T00:00:00.000,VIIRS_20240919_20240923_MaximumFloodExtent_NGA
2024-09-26,2024-09-30,26–30 Sep 2024,5,2,12.566055204577204,0.0,0.0,0.0,0.0,0,Not yet field validated,2024-09-30T00:00:00.000,VIIRS_20240926_20240930_MaximumFloodExtent_NGA
2024-09-26,2024-09-30,26–30 Sep 2024,5,5,78.5378450286073,1.371284732097086,137.1284732097086,1.7460177721932626,0.0,0,Not yet field validated,2024-09-30T00:00:00.000,VIIRS_20240926_20240930_MaximumFloodExtent_NGA
2024-10-27,2024-10-31,27–31 Oct 2024,5,2,12.566055204577204,0.0,0.0,0.0,0.0,0,Not yet field validated,2024-10-31T00:00:00.000,VIIRS_20241027_20241031_MaximumFloodExtent_NGA
2024-10-27,2024-10-31,27–31 Oct 2024,5,5,78.5378450286073,0.0,0.0,0.0,0.0,0,Not yet field validated,2024-10-31T00:00:00.000,VIIRS_20241027_20241031_MaximumFloodExtent_NGA
2024-11-09,2024-11-13,9–13 Nov 2024,5,2,12.566055204577204,0.0,0.0,0.0,0.0,0,Not yet field validated,2024-11-13T00:00:00.000,VIIRS_20241109_20241113_MaximumFloodExtent_NGA
2024-11-09,2024-11-13,9–13 Nov 2024,5,5,78.5378450286073,0.27426691385759194,27.426691385759195,0.34921624569364057,0.0,0,Not yet field validated,2024-11-13T00:00:00.000,VIIRS_20241109_20241113_MaximumFloodExtent_NGA
