layer,radius_km,buffer_km2,mapped_flood_km2,percent_buffer_mapped_flood,cloud_obstructed_km2,field_validation,sensor_date
VIIRS_20240905_20240909_MaximumFloodExtent_NGA,2.0,12.566055204577204,0.0,0.0,0.0,0,2024-09-09T00:00:00.000
VIIRS_20240905_20240909_MaximumFloodExtent_NGA,5.0,78.5378450286073,2.887113130022749,3.676078875058416,0.0,0,2024-09-09T00:00:00.000
VIIRS_20240914_20240918_MaximumFloodExtent_NGA,2.0,12.566055204577204,0.1371253746064213,1.0912364491003763,0.0,0,2024-09-18T00:00:00.000
VIIRS_20240914_20240918_MaximumFloodExtent_NGA,5.0,78.5378450286073,4.622706502367206,5.885960457259035,0.0,0,2024-09-18T00:00:00.000
VIIRS_20240919_20240923_MaximumFloodExtent_NGA,2.0,12.566055204577204,0.13183909173309957,1.049168490721551,0.0,0,2024-09-23T00:00:00.000
VIIRS_20240919_20240923_MaximumFloodExtent_NGA,5.0,78.5378450286073,4.3881178191300965,5.587265371913032,0.0,0,2024-09-23T00:00:00.000
VIIRS_20240926_20240930_MaximumFloodExtent_NGA,2.0,12.566055204577204,0.0,0.0,0.0,0,2024-09-30T00:00:00.000
VIIRS_20240926_20240930_MaximumFloodExtent_NGA,5.0,78.5378450286073,1.3712847320971926,1.7460177721933983,0.0,0,2024-09-30T00:00:00.000
VIIRS_20241027_20241031_MaximumFloodExtent_NGA,2.0,12.566055204577204,0.0,0.0,0.0,0,2024-10-31T00:00:00.000
VIIRS_20241027_20241031_MaximumFloodExtent_NGA,5.0,78.5378450286073,0.0,0.0,0.0,0,2024-10-31T00:00:00.000
VIIRS_20241109_20241113_MaximumFloodExtent_NGA,2.0,12.566055204577204,0.0,0.0,0.0,0,2024-11-13T00:00:00.000
VIIRS_20241109_20241113_MaximumFloodExtent_NGA,5.0,78.5378450286073,0.2742669138575698,0.34921624569361237,0.0,0,2024-11-13T00:00:00.000
